Columna,Mínimo,Máximo,Media
final,1.0165,19705.0,2796.768757142857
maximo,4.0675,19875.0,3170.1133571428572
minimo,1.0165,19675.0,3136.5104714285717
volumen,1221.0,36129692.0,4252278.514285714
efectivo,2343.09,145765.44,31767.778
